<?xml version="1.0" ?>
<robot type="Hand">
	<palm>gripper_base.xml</palm>
	<dof type='r'>
		<defaultVelocity>1</defaultVelocity>
		<maxEffort>3</maxEffort>
		<Kp>1e+09</Kp>
		<Kd>1e+07</Kd>
		<draggerScale>20</draggerScale>
	</dof>

	<dof type='r'>
		<defaultVelocity>1</defaultVelocity>
		<maxEffort>3</maxEffort>
		<Kp>1e+09</Kp>
		<Kd>1e+07</Kd>
		<draggerScale>20</draggerScale>
	</dof>

	<chain> 
		<transform> 
			<translation>-5 -6.5 90.7</translation>
			<rotationMatrix>2.22045e-16 0 1 -0 1 0 -1 -0 2.22045e-16 </rotationMatrix> 
		</transform>
		<joint type='Prismatic'>
			<theta>0</theta>
			<d> d0+0</d>
			<a>0</a>
			<alpha>0</alpha>
			<minValue>0</minValue>
			<maxValue>25</maxValue>
			<viscousFriction>5.0e+7</viscousFriction>
		</joint>
		<link dynamicJointType='Prismatic'>gripper_r_finger_r.xml</link>
	</chain>
	<chain> 
		<transform> 
			<translation>5 6.5 90.7</translation>
			<rotationMatrix>-4.44089e-16 -1.0842e-19 1 0.000407346 -1 2.71051e-20 1 0.000407346 3.33067e-16 </rotationMatrix> 
		</transform>
		<joint type='Prismatic'>
			<theta>0</theta>
			<d> d1+0</d>
			<a>0</a>
			<alpha>0</alpha>
			<minValue>0</minValue>
			<maxValue>25</maxValue>
			<viscousFriction>5.0e+7</viscousFriction>
		</joint>
		<link dynamicJointType='Prismatic'>gripper_r_finger_l.xml</link>
	</chain>
    <approachDirection>
        <referenceLocation>0.0 0.0 90.0</referenceLocation>
        <direction>0.0 0.0 1.0</direction>
    </approachDirection>
	<eigenGrasps>eigen/eigen.xml</eigenGrasps>
	<virtualContacts>virtual/contacts.xml</virtualContacts>
</robot>
