<?xml version="1.0" ?>
<world>
	<obstacle>
		<filename>models/obstacles/simpleFloor.xml</filename>
		<transform>
			<fullTransform>(+1 +0 +0 +0)[+0 +0 +0]</fullTransform>
		</transform>
	</obstacle>
	<obstacle>
		<filename>models/obstacles/table.xml</filename>
		<transform>
			<fullTransform>(+1 +0 +0 +0)[+0 +0 +0]</fullTransform>
		</transform>
	</obstacle>
	<graspableBody>
		<filename>MyWorld/models/objectSet/jug.xml</filename>
		<transform>
			<fullTransform>(-0.737201 -0.7380000 +0.00078002 +0.00280533)[+0 +525.048 -353.945]</fullTransform>
		</transform>
	</graspableBody>
	<robot>
		<filename>models/robots/yumi/yumi.xml</filename>
		<dofValues>+0.0125 +0.0125 </dofValues>
		<transform>
			<fullTransform>(+0 +0 +0 +1)[+0 +0 +0]</fullTransform>
		</transform>
	</robot>
	<camera>
		<position>+57.2816 -1831.63 -88.3004</position>
		<orientation>+0.723739 +0.016342 +0.0059931 +0.689854</orientation>
		<focalDistance>+1834.65</focalDistance>
	</camera>
</world>
