<?xml version="1.0" ?>
<world>
	<obstacle>
		<filename>models/obstacles/simpleFloor.xml</filename>
		<transform>
			<fullTransform>(+1 +0 +0 +0)[+0 +0 +0]</fullTransform>
		</transform>
	</obstacle>
	<obstacle>
		<filename>models/obstacles/table.xml</filename>
		<transform>
			<fullTransform>(+1 +0 +0 +0)[+0 +0 +0]</fullTransform>
		</transform>
	</obstacle>
	<graspableBody>
		<filename>MyWorld/models/objectSet/mug.xml</filename>
		<transform>
			<fullTransform>(-0.737202 +0.7380000 +0.00078002 +0.00280533)[+0 +525.048 -474.39]</fullTransform>
		</transform>
	</graspableBody>
	<robot>
		<filename>models/robots/yumi/yumi.xml</filename>
		<dofValues>+0 +0 </dofValues>
		<transform>
			<fullTransform>(-0.673642 -0.652043 -0.296031 +0.182789)[+11.5017 +660.339 -382.542]</fullTransform>
		</transform>
	</robot>
	<camera>
		<position>-69.9822 +10.3197 +132.152</position>
		<orientation>+0.317454 -0.0411091 -0.0378772 +0.946625</orientation>
		<focalDistance>+807.44</focalDistance>
	</camera>
</world>
