<?xml version="1.0" ?>
<world>
	<obstacle>
		<filename>models/obstacles/simpleFloor.xml</filename>
		<transform>
			<fullTransform>(+1 +0 +0 +0)[+0 +0 +0]</fullTransform>
		</transform>
	</obstacle>
	<obstacle>
		<filename>models/obstacles/table.xml</filename>
		<transform>
			<fullTransform>(+1 +0 +0 +0)[+0 +0 +0]</fullTransform>
		</transform>
	</obstacle>
	<graspableBody>
		<filename>MyWorld/models/objects/BottomWing.xml</filename>
		<transform>
			<fullTransform>(+0.737201 -0.7380000 +0.00078002 +0.00280533)[+0 +525.048 -500.928]</fullTransform>
		</transform>
	</graspableBody>
	<robot>
		<filename>models/robots/yumi/yumi.xml</filename>
		<dofValues>+0.0125 +0.0125 </dofValues>
		<transform>
			<fullTransform>(+0 +0 +0 +1)[+0 +0 +0]</fullTransform>
		</transform>
	</robot>
	<camera>
		<position>-0.746066 -1037.86 +401.376</position>
		<orientation>+0.565376 +0.000810309 -0.00177511 +0.824831</orientation>
		<focalDistance>+1112.77</focalDistance>
	</camera>
</world>
